DECLARE @Username VARCHAR(50) = 'RETAILINMOTION\projjal.dhar'
DECLARE @Folder VARCHAR(20) = '202009'
DECLARE @ScriptName VARCHAR(100) = '20200922_1200_VECTWO-37588_Create_vPOS_Settings_DLH_OBR.sql'

IF EXISTS (SELECT * FROM vdb_SchemaChangeLog cl WHERE cl.UserName = @Username
  AND cl.FolderName = @Folder AND cl.ScriptName = @ScriptName)
BEGIN
 -- although this script happens to be re-runnable
 RAISERROR ('The script has been ran in this database.', 20, -1) WITH LOG;
END
ELSE
BEGIN
 IF ((SELECT ConfigValue FROM conf_Config WHERE ConfigKey = 'Sys') = 'DLHOBR')
 BEGIN
    declare @NewCompanyId as int  = 335
    declare @userId as int  = 1
    declare @Reason as VARCHAR(1000)  = 'Initial Setup'
	  

    SET IDENTITY_INSERT [dbo].[epos_DeviceSettingGroup] ON
    INSERT [dbo].[epos_DeviceSettingGroup] ([SettingGroupId], [SettingGroupName]) VALUES (1, N'Checkout')
    INSERT [dbo].[epos_DeviceSettingGroup] ([SettingGroupId], [SettingGroupName]) VALUES (2, N'Miscellaneous')
    INSERT [dbo].[epos_DeviceSettingGroup] ([SettingGroupId], [SettingGroupName]) VALUES (3, N'Printer')
    INSERT [dbo].[epos_DeviceSettingGroup] ([SettingGroupId], [SettingGroupName]) VALUES (4, N'Credit Cards')
    INSERT [dbo].[epos_DeviceSettingGroup] ([SettingGroupId], [SettingGroupName]) VALUES (5, N'vPay')
    INSERT [dbo].[epos_DeviceSettingGroup] ([SettingGroupId], [SettingGroupName]) VALUES (6, N'iOS')
    SET IDENTITY_INSERT [dbo].[epos_DeviceSettingGroup] OFF

   

    SET IDENTITY_INSERT [dbo].[epos_DeviceSetting] ON
 

INSERT [dbo].[epos_DeviceSetting] ([SettingId], [SettingName], [SettingValueMaxLength], [HelpText], [ScreenName], [SettingValueType], [SettingGroupId], [Visible]) VALUES (1,'ReminderDefaultDuration','200','Default duration in minutes for reminders.','Reminder default duration',1,2,1);
INSERT [dbo].[epos_DeviceSetting] ([SettingId], [SettingName], [SettingValueMaxLength], [HelpText], [ScreenName], [SettingValueType], [SettingGroupId], [Visible]) VALUES (2,'ChangeReminderDuration','200','Duration in minutes for change reminder.','Change reminder duration',1,2,1);
INSERT [dbo].[epos_DeviceSetting] ([SettingId], [SettingName], [SettingValueMaxLength], [HelpText], [ScreenName], [SettingValueType], [SettingGroupId], [Visible]) VALUES (3,'MaxCardPaymentAmount','200','Maximum amount in base currency for card payments','Maximum card payments amount',1,4,1);
INSERT [dbo].[epos_DeviceSetting] ([SettingId], [SettingName], [SettingValueMaxLength], [HelpText], [ScreenName], [SettingValueType], [SettingGroupId], [Visible]) VALUES (5,'EnableCardPayments','200','Enable credit card payment method','Enable credit cards',2,1,1);
INSERT [dbo].[epos_DeviceSetting] ([SettingId], [SettingName], [SettingValueMaxLength], [HelpText], [ScreenName], [SettingValueType], [SettingGroupId], [Visible]) VALUES (6,'EnableSplitPayments','200','Enable split payment method','Split payment possible;',2,1,1);
INSERT [dbo].[epos_DeviceSetting] ([SettingId], [SettingName], [SettingValueMaxLength], [HelpText], [ScreenName], [SettingValueType], [SettingGroupId], [Visible]) VALUES (7,'AlwaysPrint','200','Always attempt to print a receipt','Print receipt always',2,3,1);
INSERT [dbo].[epos_DeviceSetting] ([SettingId], [SettingName], [SettingValueMaxLength], [HelpText], [ScreenName], [SettingValueType], [SettingGroupId], [Visible]) VALUES (8,'SynchOnCradle','200','Attempt to synchronise automatically when charging','Synch automatically on power',2,2,1);
INSERT [dbo].[epos_DeviceSetting] ([SettingId], [SettingName], [SettingValueMaxLength], [HelpText], [ScreenName], [SettingValueType], [SettingGroupId], [Visible]) VALUES (9,'EnableSpecialsPopup','200','Enable specials suggestion popup','Enable specials popup',2,2,1);
INSERT [dbo].[epos_DeviceSetting] ([SettingId], [SettingName], [SettingValueMaxLength], [HelpText], [ScreenName], [SettingValueType], [SettingGroupId], [Visible]) VALUES (10,'CashoutTrackPouch','200','Record pouch number during cashout procedure','Record Cashout pouch number',2,2,1);
INSERT [dbo].[epos_DeviceSetting] ([SettingId], [SettingName], [SettingValueMaxLength], [HelpText], [ScreenName], [SettingValueType], [SettingGroupId], [Visible]) VALUES (11,'CashoutPrintBar','200','Print barset number on cashout printout','Print cashout barset',2,2,1);
INSERT [dbo].[epos_DeviceSetting] ([SettingId], [SettingName], [SettingValueMaxLength], [HelpText], [ScreenName], [SettingValueType], [SettingGroupId], [Visible]) VALUES (12,'CashoutPrintCraft','200','Print aircraft number on cashout printout','Print cashout aircraft',2,2,1);
INSERT [dbo].[epos_DeviceSetting] ([SettingId], [SettingName], [SettingValueMaxLength], [HelpText], [ScreenName], [SettingValueType], [SettingGroupId], [Visible]) VALUES (14,'CashoutPrintAllCrew','200','Print all crew on cashout printout','Print all crew on cashout',2,2,1);
INSERT [dbo].[epos_DeviceSetting] ([SettingId], [SettingName], [SettingValueMaxLength], [HelpText], [ScreenName], [SettingValueType], [SettingGroupId], [Visible]) VALUES (16,'EnableVoucherPayments','200','Enable voucher payment method','Enable vouchers',2,1,1);
INSERT [dbo].[epos_DeviceSetting] ([SettingId], [SettingName], [SettingValueMaxLength], [HelpText], [ScreenName], [SettingValueType], [SettingGroupId], [Visible]) VALUES (17,'EnableCompimentary','200','Enable complimentary payment method','Enable complimentary',2,1,1);
INSERT [dbo].[epos_DeviceSetting] ([SettingId], [SettingName], [SettingValueMaxLength], [HelpText], [ScreenName], [SettingValueType], [SettingGroupId], [Visible]) VALUES (18,'EnablePriceOverride','200','Enable price override function','Enable price override',2,1,1);
INSERT [dbo].[epos_DeviceSetting] ([SettingId], [SettingName], [SettingValueMaxLength], [HelpText], [ScreenName], [SettingValueType], [SettingGroupId], [Visible]) VALUES (20,'CrewCodeIsInteger','200','Is the user code a number','User code number only',2,2,1);
INSERT [dbo].[epos_DeviceSetting] ([SettingId], [SettingName], [SettingValueMaxLength], [HelpText], [ScreenName], [SettingValueType], [SettingGroupId], [Visible]) VALUES (22,'EnableChipAndPin','200','Enable Chip n Pin card payment method','Enable Chip n Pin',2,2,1);
INSERT [dbo].[epos_DeviceSetting] ([SettingId], [SettingName], [SettingValueMaxLength], [HelpText], [ScreenName], [SettingValueType], [SettingGroupId], [Visible]) VALUES (23,'EnableCardSwipe','200','Enable credit card swipe','Enable credit swipe',2,2,1);
INSERT [dbo].[epos_DeviceSetting] ([SettingId], [SettingName], [SettingValueMaxLength], [HelpText], [ScreenName], [SettingValueType], [SettingGroupId], [Visible]) VALUES (24,'EnableAmericanExpress','200','Enable American Express  cards','Enable American Express',2,4,1);
INSERT [dbo].[epos_DeviceSetting] ([SettingId], [SettingName], [SettingValueMaxLength], [HelpText], [ScreenName], [SettingValueType], [SettingGroupId], [Visible]) VALUES (25,'EnableBankcard','200','Enable Bankcard  cards','Enable Bankcard',2,4,1);
INSERT [dbo].[epos_DeviceSetting] ([SettingId], [SettingName], [SettingValueMaxLength], [HelpText], [ScreenName], [SettingValueType], [SettingGroupId], [Visible]) VALUES (27,'EnableDinersCards','200','Enable Diners  cards','Enable Diners',2,4,1);
INSERT [dbo].[epos_DeviceSetting] ([SettingId], [SettingName], [SettingValueMaxLength], [HelpText], [ScreenName], [SettingValueType], [SettingGroupId], [Visible]) VALUES (30,'EnableJCB','200','Enable JCB  cards','Enable JCB',2,4,1);
INSERT [dbo].[epos_DeviceSetting] ([SettingId], [SettingName], [SettingValueMaxLength], [HelpText], [ScreenName], [SettingValueType], [SettingGroupId], [Visible]) VALUES (32,'EnableMaestro','200','Enable Maestro cards','Enable Maestro',2,4,1);
INSERT [dbo].[epos_DeviceSetting] ([SettingId], [SettingName], [SettingValueMaxLength], [HelpText], [ScreenName], [SettingValueType], [SettingGroupId], [Visible]) VALUES (33,'EnableMasterCard','200','Enable MasterCard cards','Enable MasterCard',2,4,1);
INSERT [dbo].[epos_DeviceSetting] ([SettingId], [SettingName], [SettingValueMaxLength], [HelpText], [ScreenName], [SettingValueType], [SettingGroupId], [Visible]) VALUES (36,'EnableVisa','200','Enable Visa cards','Enable Visa',2,4,1);
INSERT [dbo].[epos_DeviceSetting] ([SettingId], [SettingName], [SettingValueMaxLength], [HelpText], [ScreenName], [SettingValueType], [SettingGroupId], [Visible]) VALUES (37,'EnableVisaElectron','200','Enable Visa Electron cards','Enable Visa Electron',2,4,1);
INSERT [dbo].[epos_DeviceSetting] ([SettingId], [SettingName], [SettingValueMaxLength], [HelpText], [ScreenName], [SettingValueType], [SettingGroupId], [Visible]) VALUES (40,'ShowSpecialsReview','200','Show the specials review screen','Enable Specials Review',2,2,1);
INSERT [dbo].[epos_DeviceSetting] ([SettingId], [SettingName], [SettingValueMaxLength], [HelpText], [ScreenName], [SettingValueType], [SettingGroupId], [Visible]) VALUES (44,'PouchNumberMaxLength','200','Cashout pouch number maximum length','Max Cashout pouch number',1,2,1);
INSERT [dbo].[epos_DeviceSetting] ([SettingId], [SettingName], [SettingValueMaxLength], [HelpText], [ScreenName], [SettingValueType], [SettingGroupId], [Visible]) VALUES (45,'PrintRecepitCompanyDetails','200','Enable printing company details on receipt','Enable Receipt Company details',2,3,1);
INSERT [dbo].[epos_DeviceSetting] ([SettingId], [SettingName], [SettingValueMaxLength], [HelpText], [ScreenName], [SettingValueType], [SettingGroupId], [Visible]) VALUES (46,'RecepitCompanyDetails','200','Receipt Company Details','Receipt Company Details',3,3,1);
INSERT [dbo].[epos_DeviceSetting] ([SettingId], [SettingName], [SettingValueMaxLength], [HelpText], [ScreenName], [SettingValueType], [SettingGroupId], [Visible]) VALUES (48,'PackingPlanProductsOnly','200','Show only packing plan products in sales','Show only packing plan products',2,2,1);
INSERT [dbo].[epos_DeviceSetting] ([SettingId], [SettingName], [SettingValueMaxLength], [HelpText], [ScreenName], [SettingValueType], [SettingGroupId], [Visible]) VALUES (50,'EnableProductImageMode','200','Enable images for products','Enable product images',2,2,1);
INSERT [dbo].[epos_DeviceSetting] ([SettingId], [SettingName], [SettingValueMaxLength], [HelpText], [ScreenName], [SettingValueType], [SettingGroupId], [Visible]) VALUES (51,'EnableCashPayment','200','Enable cash payment method','Enable cash payments',2,1,1);
INSERT [dbo].[epos_DeviceSetting] ([SettingId], [SettingName], [SettingValueMaxLength], [HelpText], [ScreenName], [SettingValueType], [SettingGroupId], [Visible]) VALUES (53,'EnableToolsStatus','200','Enable Status in Tools','Enable Status screen',2,2,1);
INSERT [dbo].[epos_DeviceSetting] ([SettingId], [SettingName], [SettingValueMaxLength], [HelpText], [ScreenName], [SettingValueType], [SettingGroupId], [Visible]) VALUES (54,'EnableToolsReminder','200','Enable Reminder screen in Tools','Enable Reminder screen',2,2,1);
INSERT [dbo].[epos_DeviceSetting] ([SettingId], [SettingName], [SettingValueMaxLength], [HelpText], [ScreenName], [SettingValueType], [SettingGroupId], [Visible]) VALUES (55,'EnableToolsCrewControl','200','Enable Crew Control screen in Tools','Enable Crew Control',2,2,1);
INSERT [dbo].[epos_DeviceSetting] ([SettingId], [SettingName], [SettingValueMaxLength], [HelpText], [ScreenName], [SettingValueType], [SettingGroupId], [Visible]) VALUES (56,'EnableToolsSalesControl','200','Enable Sales Control screen in Tools','Enable Sales Control',2,2,1);
INSERT [dbo].[epos_DeviceSetting] ([SettingId], [SettingName], [SettingValueMaxLength], [HelpText], [ScreenName], [SettingValueType], [SettingGroupId], [Visible]) VALUES (57,'EnableToolsCrewNotes','200','Enable Crew Notes screen in Tools','Enable Crew notes',2,2,1);
INSERT [dbo].[epos_DeviceSetting] ([SettingId], [SettingName], [SettingValueMaxLength], [HelpText], [ScreenName], [SettingValueType], [SettingGroupId], [Visible]) VALUES (58,'EnableToolsMessages','200','Enable Crew Messages in Tools','Enable Crew Messages',2,2,1);
INSERT [dbo].[epos_DeviceSetting] ([SettingId], [SettingName], [SettingValueMaxLength], [HelpText], [ScreenName], [SettingValueType], [SettingGroupId], [Visible]) VALUES (59,'EnableToolsUplift','200','Enable Uplift screen in Tools','Enable Uplift',2,2,1);
INSERT [dbo].[epos_DeviceSetting] ([SettingId], [SettingName], [SettingValueMaxLength], [HelpText], [ScreenName], [SettingValueType], [SettingGroupId], [Visible]) VALUES (60,'EnableToolsSalesCurrencies','200','Enable Currency Converter screen in Tools','Enable Currency Converter',2,2,1);
INSERT [dbo].[epos_DeviceSetting] ([SettingId], [SettingName], [SettingValueMaxLength], [HelpText], [ScreenName], [SettingValueType], [SettingGroupId], [Visible]) VALUES (62,'EnableToolsEndTrip','200','Enable End Trip in Tools','Enable End Trip',2,2,1);
INSERT [dbo].[epos_DeviceSetting] ([SettingId], [SettingName], [SettingValueMaxLength], [HelpText], [ScreenName], [SettingValueType], [SettingGroupId], [Visible]) VALUES (63,'EnableToolsTurnAround','200','Enable End Sector in Tools','Enable End Sector',2,2,1);
INSERT [dbo].[epos_DeviceSetting] ([SettingId], [SettingName], [SettingValueMaxLength], [HelpText], [ScreenName], [SettingValueType], [SettingGroupId], [Visible]) VALUES (66,'WiFi','200','Enable WiFi','Enable WiFi',2,2,1);
INSERT [dbo].[epos_DeviceSetting] ([SettingId], [SettingName], [SettingValueMaxLength], [HelpText], [ScreenName], [SettingValueType], [SettingGroupId], [Visible]) VALUES (74,'AdHocRouteId','200','Ad Hoc Route Id','Ad Hoc Route Id',1,2,1);
INSERT [dbo].[epos_DeviceSetting] ([SettingId], [SettingName], [SettingValueMaxLength], [HelpText], [ScreenName], [SettingValueType], [SettingGroupId], [Visible]) VALUES (78,'EnableIndividualRefund','200','Enable individual item refund','Enable individual refund',2,2,1);
INSERT [dbo].[epos_DeviceSetting] ([SettingId], [SettingName], [SettingValueMaxLength], [HelpText], [ScreenName], [SettingValueType], [SettingGroupId], [Visible]) VALUES (79,'EnableLinkProducts','200','Enable link products','Enable link products',2,2,1);
INSERT [dbo].[epos_DeviceSetting] ([SettingId], [SettingName], [SettingValueMaxLength], [HelpText], [ScreenName], [SettingValueType], [SettingGroupId], [Visible]) VALUES (82,'EnableToolsPrinterScan','200','Enable Printer pairing in Tools','Enable Printer Pairing',2,2,1);
INSERT [dbo].[epos_DeviceSetting] ([SettingId], [SettingName], [SettingValueMaxLength], [HelpText], [ScreenName], [SettingValueType], [SettingGroupId], [Visible]) VALUES (83,'EnableToolsSeals','200','Enable Seals screen in Tools','Enable Seals in Tools',2,2,1);
INSERT [dbo].[epos_DeviceSetting] ([SettingId], [SettingName], [SettingValueMaxLength], [HelpText], [ScreenName], [SettingValueType], [SettingGroupId], [Visible]) VALUES (84,'EnableToolsStockcount','200','Enable Stock count in Tools','Enable Stock count in Tools',2,2,1);
INSERT [dbo].[epos_DeviceSetting] ([SettingId], [SettingName], [SettingValueMaxLength], [HelpText], [ScreenName], [SettingValueType], [SettingGroupId], [Visible]) VALUES (85,'CheckoutCashChangeReminder','200','Enable Outstanding Change Reminder during checkout','Checkout change reminder',2,1,1);
INSERT [dbo].[epos_DeviceSetting] ([SettingId], [SettingName], [SettingValueMaxLength], [HelpText], [ScreenName], [SettingValueType], [SettingGroupId], [Visible]) VALUES (86,'ShowPasswordLogin','200','User login with password','Password user login enabled',2,2,1);
INSERT [dbo].[epos_DeviceSetting] ([SettingId], [SettingName], [SettingValueMaxLength], [HelpText], [ScreenName], [SettingValueType], [SettingGroupId], [Visible]) VALUES (87,'ShowUserCodeLogin','200','User login with user code','User code login enabled',2,2,1);
INSERT [dbo].[epos_DeviceSetting] ([SettingId], [SettingName], [SettingValueMaxLength], [HelpText], [ScreenName], [SettingValueType], [SettingGroupId], [Visible]) VALUES (88,'PaxCount','200','Enable PAX Count Screen','Enable PAX Count Screen',2,2,1);
INSERT [dbo].[epos_DeviceSetting] ([SettingId], [SettingName], [SettingValueMaxLength], [HelpText], [ScreenName], [SettingValueType], [SettingGroupId], [Visible]) VALUES (89,'PreflightCrewMembers','200','Enable Crew Members Scren during preflight','Enable Preflight Crew Members',2,2,1);
INSERT [dbo].[epos_DeviceSetting] ([SettingId], [SettingName], [SettingValueMaxLength], [HelpText], [ScreenName], [SettingValueType], [SettingGroupId], [Visible]) VALUES (91,'ProductCategoryFontSize','200','Product Category font size in the Sales screen','Product category font size',1,2,1);
INSERT [dbo].[epos_DeviceSetting] ([SettingId], [SettingName], [SettingValueMaxLength], [HelpText], [ScreenName], [SettingValueType], [SettingGroupId], [Visible]) VALUES (96,'TopSellersCategory','200','Enabler TOP 10 product category','Enable Top 10 category',2,2,1);
INSERT [dbo].[epos_DeviceSetting] ([SettingId], [SettingName], [SettingValueMaxLength], [HelpText], [ScreenName], [SettingValueType], [SettingGroupId], [Visible]) VALUES (97,'vPayUrlServer','200','vPay Server URL','vPay Server URL',3,5,1);
INSERT [dbo].[epos_DeviceSetting] ([SettingId], [SettingName], [SettingValueMaxLength], [HelpText], [ScreenName], [SettingValueType], [SettingGroupId], [Visible]) VALUES (99,'EnablevPay','200','Enable vPay','Enable vPay',2,5,1);
INSERT [dbo].[epos_DeviceSetting] ([SettingId], [SettingName], [SettingValueMaxLength], [HelpText], [ScreenName], [SettingValueType], [SettingGroupId], [Visible]) VALUES (101,'defaultFlightPrefix','200','Default Flight Prefix','Default Flight Prefix',3,2,1);
INSERT [dbo].[epos_DeviceSetting] ([SettingId], [SettingName], [SettingValueMaxLength], [HelpText], [ScreenName], [SettingValueType], [SettingGroupId], [Visible]) VALUES (102,'showSpecials','200','Show Specials category','Show Specials category',2,2,1);
INSERT [dbo].[epos_DeviceSetting] ([SettingId], [SettingName], [SettingValueMaxLength], [HelpText], [ScreenName], [SettingValueType], [SettingGroupId], [Visible]) VALUES (104,'showCompAllButton','200','Show Comp All button','Show Comp All',2,2,1);
INSERT [dbo].[epos_DeviceSetting] ([SettingId], [SettingName], [SettingValueMaxLength], [HelpText], [ScreenName], [SettingValueType], [SettingGroupId], [Visible]) VALUES (106,'showKeyLineOnly','200','Show key line stock items only','Show key line stock items only',2,2,1);
INSERT [dbo].[epos_DeviceSetting] ([SettingId], [SettingName], [SettingValueMaxLength], [HelpText], [ScreenName], [SettingValueType], [SettingGroupId], [Visible]) VALUES (107,'showSearchCategory','200','Show Search Category in Sales','Show Search Category in Sales',2,2,1);
INSERT [dbo].[epos_DeviceSetting] ([SettingId], [SettingName], [SettingValueMaxLength], [HelpText], [ScreenName], [SettingValueType], [SettingGroupId], [Visible]) VALUES (109,'vpayTermnialID','200','vPay Terminal Id','vPay Terminal Id',3,5,1);
INSERT [dbo].[epos_DeviceSetting] ([SettingId], [SettingName], [SettingValueMaxLength], [HelpText], [ScreenName], [SettingValueType], [SettingGroupId], [Visible]) VALUES (110,'vpayCarrierCode','200','vPay Carrier Code','vPay Carrier Code',3,5,1);
INSERT [dbo].[epos_DeviceSetting] ([SettingId], [SettingName], [SettingValueMaxLength], [HelpText], [ScreenName], [SettingValueType], [SettingGroupId], [Visible]) VALUES (111,'vpayAuthPassword','200','vPay Password','vPay Password',3,5,1);
INSERT [dbo].[epos_DeviceSetting] ([SettingId], [SettingName], [SettingValueMaxLength], [HelpText], [ScreenName], [SettingValueType], [SettingGroupId], [Visible]) VALUES (113,'CardKeyIndex','200','NOT IN USE','NOT IN USE',1,5,1);
INSERT [dbo].[epos_DeviceSetting] ([SettingId], [SettingName], [SettingValueMaxLength], [HelpText], [ScreenName], [SettingValueType], [SettingGroupId], [Visible]) VALUES (115,'EnableItemComp','200','Enable individual item complimentary ','Enable individiaul item comp',2,2,1);
INSERT [dbo].[epos_DeviceSetting] ([SettingId], [SettingName], [SettingValueMaxLength], [HelpText], [ScreenName], [SettingValueType], [SettingGroupId], [Visible]) VALUES (116,'PrintVATId','200','Print VAT Registration Number on receipt','Print VAT Registration',2,3,1);
INSERT [dbo].[epos_DeviceSetting] ([SettingId], [SettingName], [SettingValueMaxLength], [HelpText], [ScreenName], [SettingValueType], [SettingGroupId], [Visible]) VALUES (117,'PrintVATRateValue','200','Print VAT breakdown on receipt','Print VAT breakdown',2,3,1);
INSERT [dbo].[epos_DeviceSetting] ([SettingId], [SettingName], [SettingValueMaxLength], [HelpText], [ScreenName], [SettingValueType], [SettingGroupId], [Visible]) VALUES (118,'PrintVATInclusiveMessage','200','Print all VAT included message on receipt','Print all VAT included message',2,3,1);
INSERT [dbo].[epos_DeviceSetting] ([SettingId], [SettingName], [SettingValueMaxLength], [HelpText], [ScreenName], [SettingValueType], [SettingGroupId], [Visible]) VALUES (119,'VATInclusiveMessage','200','All VAT charge inclusive message','All VAT charge inclusive message',3,3,1);
INSERT [dbo].[epos_DeviceSetting] ([SettingId], [SettingName], [SettingValueMaxLength], [HelpText], [ScreenName], [SettingValueType], [SettingGroupId], [Visible]) VALUES (120,'PrintSalesOnCashout','1','Boolean value for allowing whether or not we show the Print Sales Report button on the Cashout screen','Show Print Sales Button On Cashout',2,2,1);
INSERT [dbo].[epos_DeviceSetting] ([SettingId], [SettingName], [SettingValueMaxLength], [HelpText], [ScreenName], [SettingValueType], [SettingGroupId], [Visible]) VALUES (121,'PrintSalesOnCashoutSummary','1','Boolean value for allowing whether or not we show the Print Sales Report button on the CashoutSummary screen','Show Print Sales Button On Cashout Summary',2,2,1);
INSERT [dbo].[epos_DeviceSetting] ([SettingId], [SettingName], [SettingValueMaxLength], [HelpText], [ScreenName], [SettingValueType], [SettingGroupId], [Visible]) VALUES (122,'PrintBagReportOnCashout','1','Boolean value for allowing whether or not we show the Print Cashout Bag Report button on the Cashout screen','Show Print Bag Report Button On Cashout',2,2,1);
INSERT [dbo].[epos_DeviceSetting] ([SettingId], [SettingName], [SettingValueMaxLength], [HelpText], [ScreenName], [SettingValueType], [SettingGroupId], [Visible]) VALUES (123,'AllowSkipBarsetNumber','1','Boolean value for allowing whether or not the user can skip entering a barset and a default will be used instead','AllowSkipBarsetNumber',2,2,1);
INSERT [dbo].[epos_DeviceSetting] ([SettingId], [SettingName], [SettingValueMaxLength], [HelpText], [ScreenName], [SettingValueType], [SettingGroupId], [Visible]) VALUES (124,'ShowPlusMinusOnCheckout','1','Boolean value for whether or not to show the plus or minus button on the sales checkout screen','ShowPlusMinusOnCheckout',2,2,1);
INSERT [dbo].[epos_DeviceSetting] ([SettingId], [SettingName], [SettingValueMaxLength], [HelpText], [ScreenName], [SettingValueType], [SettingGroupId], [Visible]) VALUES (125,'ShowCashCountedSummary','1','Boolean value for whether or not to show the cash counted summary','ShowCashCountedSummary',2,2,1);
INSERT [dbo].[epos_DeviceSetting] ([SettingId], [SettingName], [SettingValueMaxLength], [HelpText], [ScreenName], [SettingValueType], [SettingGroupId], [Visible]) VALUES (126,'EnableSalesProductBarcode','200','Show the barcode scanning category to add products in the basket scanning their barcodes','Enable Product Barcode',2,2,1);
INSERT [dbo].[epos_DeviceSetting] ([SettingId], [SettingName], [SettingValueMaxLength], [HelpText], [ScreenName], [SettingValueType], [SettingGroupId], [Visible]) VALUES (127,'EnableScheduleDriven','200','Enable the Flight Path menu to drive the vPOS flights from the Schedule','Enable Schedule Path',2,2,1);
INSERT [dbo].[epos_DeviceSetting] ([SettingId], [SettingName], [SettingValueMaxLength], [HelpText], [ScreenName], [SettingValueType], [SettingGroupId], [Visible]) VALUES (130,'EnableSalesSync','1','Boolean value for whether or not the Sales are synchronized across devices','EnableSalesSync',2,2,1);
INSERT [dbo].[epos_DeviceSetting] ([SettingId], [SettingName], [SettingValueMaxLength], [HelpText], [ScreenName], [SettingValueType], [SettingGroupId], [Visible]) VALUES (131,'EnableRefund','1','Controls the visibility of the refund all button on the SalesControlDisplaySale','EnableRefund',2,2,1);
INSERT [dbo].[epos_DeviceSetting] ([SettingId], [SettingName], [SettingValueMaxLength], [HelpText], [ScreenName], [SettingValueType], [SettingGroupId], [Visible]) VALUES (132,'cardKeyIndexStarPrinter','200','Star Printer Encryption Key Index','Star Key Index',1,5,1);
INSERT [dbo].[epos_DeviceSetting] ([SettingId], [SettingName], [SettingValueMaxLength], [HelpText], [ScreenName], [SettingValueType], [SettingGroupId], [Visible]) VALUES (133,'cardKeyIndexBBPrinter','200','Blue Bamboo Encryption Key Index','BB P200 Key Index',1,5,1);
INSERT [dbo].[epos_DeviceSetting] ([SettingId], [SettingName], [SettingValueMaxLength], [HelpText], [ScreenName], [SettingValueType], [SettingGroupId], [Visible]) VALUES (135,'stockcountActivity','1','Controls the visibility of the Stock Count Screen','Enable Stock Count',2,2,1);
INSERT [dbo].[epos_DeviceSetting] ([SettingId], [SettingName], [SettingValueMaxLength], [HelpText], [ScreenName], [SettingValueType], [SettingGroupId], [Visible]) VALUES (136,'passengerCountActivity','1','Controls the visibility of the Passenger Count Screen','Enable PAX Count',2,2,1);
INSERT [dbo].[epos_DeviceSetting] ([SettingId], [SettingName], [SettingValueMaxLength], [HelpText], [ScreenName], [SettingValueType], [SettingGroupId], [Visible]) VALUES (137,'sealActivity','1','Controls the visibility of the Seals Screen','Enable Seals',2,2,1);
INSERT [dbo].[epos_DeviceSetting] ([SettingId], [SettingName], [SettingValueMaxLength], [HelpText], [ScreenName], [SettingValueType], [SettingGroupId], [Visible]) VALUES (138,'containerMandatoryStockCount','1','Stock Count mandatory','Mandatory Stock Count',2,2,1);
INSERT [dbo].[epos_DeviceSetting] ([SettingId], [SettingName], [SettingValueMaxLength], [HelpText], [ScreenName], [SettingValueType], [SettingGroupId], [Visible]) VALUES (140,'enableQuickPayButton','1','Enables the Quick Pay function in the Sales Screen','Enable Quick Pay',2,2,1);
INSERT [dbo].[epos_DeviceSetting] ([SettingId], [SettingName], [SettingValueMaxLength], [HelpText], [ScreenName], [SettingValueType], [SettingGroupId], [Visible]) VALUES (143,'hideTotalSalesControl','10','Hide Total on Sales Control Screen?','Hide Total on Sales Control Screen',2,2,1);
INSERT [dbo].[epos_DeviceSetting] ([SettingId], [SettingName], [SettingValueMaxLength], [HelpText], [ScreenName], [SettingValueType], [SettingGroupId], [Visible]) VALUES (144,'vPAYSettlementLineDesc','200','vPAY Settlement Description which will be visible to the customer','vPAY Settlement Description',3,5,1);
INSERT [dbo].[epos_DeviceSetting] ([SettingId], [SettingName], [SettingValueMaxLength], [HelpText], [ScreenName], [SettingValueType], [SettingGroupId], [Visible]) VALUES (145,'americanExpressMaxAmount','200','Maximum amount in base currency for American Express card payments','American Express maximum payment amount',1,4,1);
INSERT [dbo].[epos_DeviceSetting] ([SettingId], [SettingName], [SettingValueMaxLength], [HelpText], [ScreenName], [SettingValueType], [SettingGroupId], [Visible]) VALUES (146,'bankcardMaxAmount','200','Maximum amount in base currency for Bank Card payments','Bank Card maximum payment amount',1,4,1);
INSERT [dbo].[epos_DeviceSetting] ([SettingId], [SettingName], [SettingValueMaxLength], [HelpText], [ScreenName], [SettingValueType], [SettingGroupId], [Visible]) VALUES (148,'dinersCardsMaxAmount','200','Maximum amount in base currency for Diners Card payments','Diners Card maximum payment amount',1,4,1);
INSERT [dbo].[epos_DeviceSetting] ([SettingId], [SettingName], [SettingValueMaxLength], [HelpText], [ScreenName], [SettingValueType], [SettingGroupId], [Visible]) VALUES (160,'jcbMaxAmount','200','Maximum amount in base currency for Jcb payments','Jcb maximum payment amount',1,4,1);
INSERT [dbo].[epos_DeviceSetting] ([SettingId], [SettingName], [SettingValueMaxLength], [HelpText], [ScreenName], [SettingValueType], [SettingGroupId], [Visible]) VALUES (162,'maestroMaxAmount','200','Maximum amount in base currency for Maestro payments','Maestro maximum payment amount',1,4,1);
INSERT [dbo].[epos_DeviceSetting] ([SettingId], [SettingName], [SettingValueMaxLength], [HelpText], [ScreenName], [SettingValueType], [SettingGroupId], [Visible]) VALUES (163,'masterCardMaxAmount','200','Maximum amount in base currency for Master card payments','Master Card maximum payment amount',1,4,1);
INSERT [dbo].[epos_DeviceSetting] ([SettingId], [SettingName], [SettingValueMaxLength], [HelpText], [ScreenName], [SettingValueType], [SettingGroupId], [Visible]) VALUES (166,'visaMaxAmount','200','Maximum amount in base currency for Visa payments','Visa maximum payment amount',1,4,1);
INSERT [dbo].[epos_DeviceSetting] ([SettingId], [SettingName], [SettingValueMaxLength], [HelpText], [ScreenName], [SettingValueType], [SettingGroupId], [Visible]) VALUES (167,'visaElectronMaxAmount','200','Maximum amount in base currency for Visa Electron payments','Visa Electron maximum payment amount',1,4,1);
INSERT [dbo].[epos_DeviceSetting] ([SettingId], [SettingName], [SettingValueMaxLength], [HelpText], [ScreenName], [SettingValueType], [SettingGroupId], [Visible]) VALUES (182,'EnableMissedSales','10','Turns on/off the missed sales ability','Enable Missed Sales.',2,2,1);
INSERT [dbo].[epos_DeviceSetting] ([SettingId], [SettingName], [SettingValueMaxLength], [HelpText], [ScreenName], [SettingValueType], [SettingGroupId], [Visible]) VALUES (184,'EnableDeviceInfo','10','Turns on/off access to the Device Info screen','Enable Device Info.',2,2,1);
INSERT [dbo].[epos_DeviceSetting] ([SettingId], [SettingName], [SettingValueMaxLength], [HelpText], [ScreenName], [SettingValueType], [SettingGroupId], [Visible]) VALUES (187,'EnableStockCountQRCodes','10','Turns on/off the ability to use Stock Count QR Codes','Enable Stock Count QR Codes',2,2,1);
INSERT [dbo].[epos_DeviceSetting] ([SettingId], [SettingName], [SettingValueMaxLength], [HelpText], [ScreenName], [SettingValueType], [SettingGroupId], [Visible]) VALUES (188,'EnablePriceRounding','10','Turns on/off the rounding of Prices','Enable Price Rounding',2,2,1);
INSERT [dbo].[epos_DeviceSetting] ([SettingId], [SettingName], [SettingValueMaxLength], [HelpText], [ScreenName], [SettingValueType], [SettingGroupId], [Visible]) VALUES (189,'RoundingDecimalOrWhole','10','Sets the value for rounding, NO is for decimal, YES is for Whole. <br /> (eg decimal 1.52 -> 1.60; whole 1.52 -> 2.00)','Round prices to the nearest decimal or whole',2,2,1);
INSERT [dbo].[epos_DeviceSetting] ([SettingId], [SettingName], [SettingValueMaxLength], [HelpText], [ScreenName], [SettingValueType], [SettingGroupId], [Visible]) VALUES (190,'EnableStockClosingCount','10','Enable the Stock Closing Count screen','Enable the Stock Closing Count screen',2,2,1);
INSERT [dbo].[epos_DeviceSetting] ([SettingId], [SettingName], [SettingValueMaxLength], [HelpText], [ScreenName], [SettingValueType], [SettingGroupId], [Visible]) VALUES (191,'EnableStockOpeningCount','10','Enable the Stock Opening Count screen','Enable the Stock Opening Count screen',2,2,1);
INSERT [dbo].[epos_DeviceSetting] ([SettingId], [SettingName], [SettingValueMaxLength], [HelpText], [ScreenName], [SettingValueType], [SettingGroupId], [Visible]) VALUES (193,'P2PEnabled','10','Enable MPC P2P','Enable MPC P2P',2,2,1);
INSERT [dbo].[epos_DeviceSetting] ([SettingId], [SettingName], [SettingValueMaxLength], [HelpText], [ScreenName], [SettingValueType], [SettingGroupId], [Visible]) VALUES (194,'EnableStockUpload','10','Enable Uploading of Stock','Enable Uploading of Stock',2,2,1);
INSERT [dbo].[epos_DeviceSetting] ([SettingId], [SettingName], [SettingValueMaxLength], [HelpText], [ScreenName], [SettingValueType], [SettingGroupId], [Visible]) VALUES (197,'VoucherRefundsEnabled','10','Enable Refund for Voucher','Enable Refund for Voucher',2,2,1);
INSERT [dbo].[epos_DeviceSetting] ([SettingId], [SettingName], [SettingValueMaxLength], [HelpText], [ScreenName], [SettingValueType], [SettingGroupId], [Visible]) VALUES (200,'enableVpayBlacklist','10','vPay Blacklist Enable','vPay Blacklist Enable',2,5,1);
INSERT [dbo].[epos_DeviceSetting] ([SettingId], [SettingName], [SettingValueMaxLength], [HelpText], [ScreenName], [SettingValueType], [SettingGroupId], [Visible]) VALUES (201,'vPayBlacklistURL','100','vPay Blacklist URL','vPay Blacklist URL',3,5,1);
INSERT [dbo].[epos_DeviceSetting] ([SettingId], [SettingName], [SettingValueMaxLength], [HelpText], [ScreenName], [SettingValueType], [SettingGroupId], [Visible]) VALUES (202,'vPayBlacklistUsername','100','vPay Blacklist User','vPay Blacklist User',3,5,1);
INSERT [dbo].[epos_DeviceSetting] ([SettingId], [SettingName], [SettingValueMaxLength], [HelpText], [ScreenName], [SettingValueType], [SettingGroupId], [Visible]) VALUES (203,'vPayBlacklistPassword','100','vPay Blacklist Password','vPay Blacklist Password',3,5,1);
INSERT [dbo].[epos_DeviceSetting] ([SettingId], [SettingName], [SettingValueMaxLength], [HelpText], [ScreenName], [SettingValueType], [SettingGroupId], [Visible]) VALUES (204,'vPayBlacklistCarrierCode','50','vPay Blacklist Carrier Code','vPay Blacklist Carrier Code',3,5,1);
INSERT [dbo].[epos_DeviceSetting] ([SettingId], [SettingName], [SettingValueMaxLength], [HelpText], [ScreenName], [SettingValueType], [SettingGroupId], [Visible]) VALUES (205,'vPayBlacklistGenericList','10','vPay Blacklist Generic List','vPay Blacklist Generic List',1,5,1);
INSERT [dbo].[epos_DeviceSetting] ([SettingId], [SettingName], [SettingValueMaxLength], [HelpText], [ScreenName], [SettingValueType], [SettingGroupId], [Visible]) VALUES (206,'vPayBlacklistMerchantData','10','vPay Blacklist Merchant Data','vPay Blacklist Merchant Data',1,5,1);
INSERT [dbo].[epos_DeviceSetting] ([SettingId], [SettingName], [SettingValueMaxLength], [HelpText], [ScreenName], [SettingValueType], [SettingGroupId], [Visible]) VALUES (210,'EnableTripInfo','10','Enable Trip Info Screen','Enable Trip Info Screen',2,2,1);
INSERT [dbo].[epos_DeviceSetting] ([SettingId], [SettingName], [SettingValueMaxLength], [HelpText], [ScreenName], [SettingValueType], [SettingGroupId], [Visible]) VALUES (212,'EnableCrewMessageAfterLogin','10','Enable Crew Message Notificaion after Login','Enable Crew Message Notificaion after Login',2,2,1);
INSERT [dbo].[epos_DeviceSetting] ([SettingId], [SettingName], [SettingValueMaxLength], [HelpText], [ScreenName], [SettingValueType], [SettingGroupId], [Visible]) VALUES (213,'ShowStockCountInSales','10','Show Stock Count Indicators','Show Stock Count Indicators in Sales',2,2,1);
INSERT [dbo].[epos_DeviceSetting] ([SettingId], [SettingName], [SettingValueMaxLength], [HelpText], [ScreenName], [SettingValueType], [SettingGroupId], [Visible]) VALUES (214,'EnableVoucherCRT','10','Enable scanning of ticket restaurant vouchers and parsing of barcode','Enable Voucher TicketRestauran',2,2,1);
INSERT [dbo].[epos_DeviceSetting] ([SettingId], [SettingName], [SettingValueMaxLength], [HelpText], [ScreenName], [SettingValueType], [SettingGroupId], [Visible]) VALUES (215,'EnableDamagedItems','10','Enable Damaged Items','Enable Damaged Items',2,2,1);
INSERT [dbo].[epos_DeviceSetting] ([SettingId], [SettingName], [SettingValueMaxLength], [HelpText], [ScreenName], [SettingValueType], [SettingGroupId], [Visible]) VALUES (216,'CountVouchersInCashout','10','Count Vouchers In Cashout','Count Vouchers In Cashout',2,2,1);
INSERT [dbo].[epos_DeviceSetting] ([SettingId], [SettingName], [SettingValueMaxLength], [HelpText], [ScreenName], [SettingValueType], [SettingGroupId], [Visible]) VALUES (217,'EnableC209Printing','10','Enable C209 Printing','Enable C209 Printing',2,2,1);
INSERT [dbo].[epos_DeviceSetting] ([SettingId], [SettingName], [SettingValueMaxLength], [HelpText], [ScreenName], [SettingValueType], [SettingGroupId], [Visible]) VALUES (218,'EnableCardNFC','10','Enable Contactless','Enable Contactless',2,1,1);
INSERT [dbo].[epos_DeviceSetting] ([SettingId], [SettingName], [SettingValueMaxLength], [HelpText], [ScreenName], [SettingValueType], [SettingGroupId], [Visible]) VALUES (219,'nfcMaximumAmount','10','Maximum Contactless Card Amount','Maximum Contactless Card Amount',1,2,1);
INSERT [dbo].[epos_DeviceSetting] ([SettingId], [SettingName], [SettingValueMaxLength], [HelpText], [ScreenName], [SettingValueType], [SettingGroupId], [Visible]) VALUES (220,'nfcMinimumAmount','10','Minimum Contactless Card Amount','Minimum Contactless Card Amount',1,2,1);
INSERT [dbo].[epos_DeviceSetting] ([SettingId], [SettingName], [SettingValueMaxLength], [HelpText], [ScreenName], [SettingValueType], [SettingGroupId], [Visible]) VALUES (221,'disableChipAndSignatureCards','10','Disable Chip N Signature','Disable Chip N Signature',2,1,1);
INSERT [dbo].[epos_DeviceSetting] ([SettingId], [SettingName], [SettingValueMaxLength], [HelpText], [ScreenName], [SettingValueType], [SettingGroupId], [Visible]) VALUES (222,'skipCashout','10','Enable Skip Cashout','Enable Skip Cashout',2,2,1);
INSERT [dbo].[epos_DeviceSetting] ([SettingId], [SettingName], [SettingValueMaxLength], [HelpText], [ScreenName], [SettingValueType], [SettingGroupId], [Visible]) VALUES (223,'BluePadAndPrinter','10','Enable Separate PinPad and Printer','Enable Separate PinPad and Printer',2,2,1);
INSERT [dbo].[epos_DeviceSetting] ([SettingId], [SettingName], [SettingValueMaxLength], [HelpText], [ScreenName], [SettingValueType], [SettingGroupId], [Visible]) VALUES (224,'EnableOutOfStockView','10','Enable Out of Stock Function','Enable Out of Stock Function',2,2,1);
INSERT [dbo].[epos_DeviceSetting] ([SettingId], [SettingName], [SettingValueMaxLength], [HelpText], [ScreenName], [SettingValueType], [SettingGroupId], [Visible]) VALUES (225,'CashoutMandatoryPouch','200','Enable Cashout Mandatory Pouch','Enable Cashout Mandatory Pouch',2,2,1);
INSERT [dbo].[epos_DeviceSetting] ([SettingId], [SettingName], [SettingValueMaxLength], [HelpText], [ScreenName], [SettingValueType], [SettingGroupId], [Visible]) VALUES (226,'shouldKeepAppAwake','10','Enable keep iPad awake','Enable keep iPad awake',2,2,1);
INSERT [dbo].[epos_DeviceSetting] ([SettingId], [SettingName], [SettingValueMaxLength], [HelpText], [ScreenName], [SettingValueType], [SettingGroupId], [Visible]) VALUES (227,'processChangeInBaseOnly','1','Process change only in Base Currency','Process change only in Base',2,2,1);
INSERT [dbo].[epos_DeviceSetting] ([SettingId], [SettingName], [SettingValueMaxLength], [HelpText], [ScreenName], [SettingValueType], [SettingGroupId], [Visible]) VALUES (228,'findPrinterRegEx','200','RegEx used to filter the list displayed in vPos when you are trying to connect to devices','Find Printer RegEx',3,3,1);
INSERT [dbo].[epos_DeviceSetting] ([SettingId], [SettingName], [SettingValueMaxLength], [HelpText], [ScreenName], [SettingValueType], [SettingGroupId], [Visible]) VALUES (229,'detectDeviceRegexDPP250','200','The RegEx used to filter the DPP250 names displayed in vPos','Printer name RegEx',3,3,1);
INSERT [dbo].[epos_DeviceSetting] ([SettingId], [SettingName], [SettingValueMaxLength], [HelpText], [ScreenName], [SettingValueType], [SettingGroupId], [Visible]) VALUES (230,'enableCloseSeals','100','Controls the visibility of the seals during end of flight','Enable Close Seals',2,2,1);
INSERT [dbo].[epos_DeviceSetting] ([SettingId], [SettingName], [SettingValueMaxLength], [HelpText], [ScreenName], [SettingValueType], [SettingGroupId], [Visible]) VALUES (231,'EnableAdhocDiscount','100','Turns on/off the adhoc discount','Enable adhoc discount',2,2,1);
INSERT [dbo].[epos_DeviceSetting] ([SettingId], [SettingName], [SettingValueMaxLength], [HelpText], [ScreenName], [SettingValueType], [SettingGroupId], [Visible]) VALUES (232,'AdhocDiscountProductId','100','Discount product ID which will be applied to the basket','Adhoc discount product id',1,2,1);
INSERT [dbo].[epos_DeviceSetting] ([SettingId], [SettingName], [SettingValueMaxLength], [HelpText], [ScreenName], [SettingValueType], [SettingGroupId], [Visible]) VALUES (233,'individualproductdiscount','100','Enable Individual Product Discount','Individual Product Discount',2,2,1);
INSERT [dbo].[epos_DeviceSetting] ([SettingId], [SettingName], [SettingValueMaxLength], [HelpText], [ScreenName], [SettingValueType], [SettingGroupId], [Visible]) VALUES (234,'AdhocDiscountValue','100','The value (percent) discount that is applied to the basket.','The value for the adhoc discount',1,2,1);
INSERT [dbo].[epos_DeviceSetting] ([SettingId], [SettingName], [SettingValueMaxLength], [HelpText], [ScreenName], [SettingValueType], [SettingGroupId], [Visible]) VALUES (235,'enableBagReportPrinting','1','Enable Bag Report Printing','Enable Bag Report Printing',2,3,1);
INSERT [dbo].[epos_DeviceSetting] ([SettingId], [SettingName], [SettingValueMaxLength], [HelpText], [ScreenName], [SettingValueType], [SettingGroupId], [Visible]) VALUES (236,'canrefunddiscounts','1','If this setting is enabled, any item that has been discounted by crew with PriceOveride or a price reduction, will be eligible for a refund','Refund Discounts',2,2,1);
INSERT [dbo].[epos_DeviceSetting] ([SettingId], [SettingName], [SettingValueMaxLength], [HelpText], [ScreenName], [SettingValueType], [SettingGroupId], [Visible]) VALUES (237,'enableReprintReceiptAndMerchantCopy','1','Enable Receipt Reprint, and Printing of Crew Copy','Enable Receipt Reprint, and Printing of Crew Copy',2,3,1);
INSERT [dbo].[epos_DeviceSetting] ([SettingId], [SettingName], [SettingValueMaxLength], [HelpText], [ScreenName], [SettingValueType], [SettingGroupId], [Visible]) VALUES (238,'enableAutomaticSalesReports','1','Enable Automative Sales Report Printing','Enable Automative Sales Report Printing',2,3,1);
INSERT [dbo].[epos_DeviceSetting] ([SettingId], [SettingName], [SettingValueMaxLength], [HelpText], [ScreenName], [SettingValueType], [SettingGroupId], [Visible]) VALUES (239,'jiraIssueExtraFieldsJSON','256','jiraIssueExtraFieldsJSON
vPos to send DBs','jiraIssueExtraFieldsJSON',3,2,1);
INSERT [dbo].[epos_DeviceSetting] ([SettingId], [SettingName], [SettingValueMaxLength], [HelpText], [ScreenName], [SettingValueType], [SettingGroupId], [Visible]) VALUES (240,'enableIndividualRefundForCards','1','enable Individual Refund For Cards','enableIndividualRefundForCards',2,4,1);	
	
	
    SET IDENTITY_INSERT [dbo].[epos_DeviceSetting] OFF

    
    SET IDENTITY_INSERT [dbo].[epos_DeviceSettingValue] ON

INSERT [dbo].[epos_DeviceSettingValue] ([SettingValueId], [SettingId], [CompanyId], [SettingValue], [LastModifiedDate], [LastModifiedUserId], [Reason]) VALUES (10,51,335,'1','Sep 18 2020 12:50PM',1,'Initial Setup');
INSERT [dbo].[epos_DeviceSettingValue] ([SettingValueId], [SettingId], [CompanyId], [SettingValue], [LastModifiedDate], [LastModifiedUserId], [Reason]) VALUES (11,17,335,'1','Sep 18 2020 12:50PM',1,'Initial Setup');
INSERT [dbo].[epos_DeviceSettingValue] ([SettingValueId], [SettingId], [CompanyId], [SettingValue], [LastModifiedDate], [LastModifiedUserId], [Reason]) VALUES (12,5,335,'1','Sep 18 2020 12:50PM',1,'Initial Setup');
INSERT [dbo].[epos_DeviceSettingValue] ([SettingValueId], [SettingId], [CompanyId], [SettingValue], [LastModifiedDate], [LastModifiedUserId], [Reason]) VALUES (13,16,335,'1','Sep 18 2020 12:50PM',1,'Initial Setup');
INSERT [dbo].[epos_DeviceSettingValue] ([SettingValueId], [SettingId], [CompanyId], [SettingValue], [LastModifiedDate], [LastModifiedUserId], [Reason]) VALUES (18,24,335,'1','Sep 18 2020 12:50PM',1,'Initial Setup');
INSERT [dbo].[epos_DeviceSettingValue] ([SettingValueId], [SettingId], [CompanyId], [SettingValue], [LastModifiedDate], [LastModifiedUserId], [Reason]) VALUES (19,32,335,'1','Sep 18 2020 12:50PM',1,'Initial Setup');
INSERT [dbo].[epos_DeviceSettingValue] ([SettingValueId], [SettingId], [CompanyId], [SettingValue], [LastModifiedDate], [LastModifiedUserId], [Reason]) VALUES (20,33,335,'1','Sep 18 2020 12:50PM',1,'Initial Setup');
INSERT [dbo].[epos_DeviceSettingValue] ([SettingValueId], [SettingId], [CompanyId], [SettingValue], [LastModifiedDate], [LastModifiedUserId], [Reason]) VALUES (21,36,335,'1','Sep 18 2020 12:50PM',1,'Initial Setup');
INSERT [dbo].[epos_DeviceSettingValue] ([SettingValueId], [SettingId], [CompanyId], [SettingValue], [LastModifiedDate], [LastModifiedUserId], [Reason]) VALUES (22,37,335,'0','Sep 18 2020 12:50PM',1,'Initial Setup');
INSERT [dbo].[epos_DeviceSettingValue] ([SettingValueId], [SettingId], [CompanyId], [SettingValue], [LastModifiedDate], [LastModifiedUserId], [Reason]) VALUES (23,162,335,'50','Sep 18 2020 12:50PM',1,'Initial Setup');
INSERT [dbo].[epos_DeviceSettingValue] ([SettingValueId], [SettingId], [CompanyId], [SettingValue], [LastModifiedDate], [LastModifiedUserId], [Reason]) VALUES (24,163,335,'250','Sep 18 2020 12:50PM',1,'Initial Setup');
INSERT [dbo].[epos_DeviceSettingValue] ([SettingValueId], [SettingId], [CompanyId], [SettingValue], [LastModifiedDate], [LastModifiedUserId], [Reason]) VALUES (25,3,335,'250','Sep 18 2020 12:50PM',1,'Initial Setup');
INSERT [dbo].[epos_DeviceSettingValue] ([SettingValueId], [SettingId], [CompanyId], [SettingValue], [LastModifiedDate], [LastModifiedUserId], [Reason]) VALUES (26,167,335,'0','Sep 18 2020 12:50PM',1,'Initial Setup');
INSERT [dbo].[epos_DeviceSettingValue] ([SettingValueId], [SettingId], [CompanyId], [SettingValue], [LastModifiedDate], [LastModifiedUserId], [Reason]) VALUES (27,166,335,'250','Sep 18 2020 12:50PM',1,'Initial Setup');
INSERT [dbo].[epos_DeviceSettingValue] ([SettingValueId], [SettingId], [CompanyId], [SettingValue], [LastModifiedDate], [LastModifiedUserId], [Reason]) VALUES (28,74,335,'1','Sep 18 2020 12:50PM',1,'Initial Setup');
INSERT [dbo].[epos_DeviceSettingValue] ([SettingValueId], [SettingId], [CompanyId], [SettingValue], [LastModifiedDate], [LastModifiedUserId], [Reason]) VALUES (29,22,335,'1','Sep 18 2020 12:50PM',1,'Initial Setup');
INSERT [dbo].[epos_DeviceSettingValue] ([SettingValueId], [SettingId], [CompanyId], [SettingValue], [LastModifiedDate], [LastModifiedUserId], [Reason]) VALUES (30,23,335,'1','Sep 18 2020 12:50PM',1,'Initial Setup');
INSERT [dbo].[epos_DeviceSettingValue] ([SettingValueId], [SettingId], [CompanyId], [SettingValue], [LastModifiedDate], [LastModifiedUserId], [Reason]) VALUES (31,55,335,'1','Sep 18 2020 12:50PM',1,'Initial Setup');
INSERT [dbo].[epos_DeviceSettingValue] ([SettingValueId], [SettingId], [CompanyId], [SettingValue], [LastModifiedDate], [LastModifiedUserId], [Reason]) VALUES (32,58,335,'0','Sep 18 2020 12:50PM',1,'Initial Setup');
INSERT [dbo].[epos_DeviceSettingValue] ([SettingValueId], [SettingId], [CompanyId], [SettingValue], [LastModifiedDate], [LastModifiedUserId], [Reason]) VALUES (33,57,335,'0','Sep 18 2020 12:50PM',1,'Initial Setup');
INSERT [dbo].[epos_DeviceSettingValue] ([SettingValueId], [SettingId], [CompanyId], [SettingValue], [LastModifiedDate], [LastModifiedUserId], [Reason]) VALUES (34,60,335,'0','Sep 18 2020 12:50PM',1,'Initial Setup');
INSERT [dbo].[epos_DeviceSettingValue] ([SettingValueId], [SettingId], [CompanyId], [SettingValue], [LastModifiedDate], [LastModifiedUserId], [Reason]) VALUES (35,63,335,'1','Sep 18 2020 12:50PM',1,'Initial Setup');
INSERT [dbo].[epos_DeviceSettingValue] ([SettingValueId], [SettingId], [CompanyId], [SettingValue], [LastModifiedDate], [LastModifiedUserId], [Reason]) VALUES (36,62,335,'1','Sep 18 2020 12:50PM',1,'Initial Setup');
INSERT [dbo].[epos_DeviceSettingValue] ([SettingValueId], [SettingId], [CompanyId], [SettingValue], [LastModifiedDate], [LastModifiedUserId], [Reason]) VALUES (37,136,335,'0','Sep 18 2020 12:50PM',1,'Initial Setup');
INSERT [dbo].[epos_DeviceSettingValue] ([SettingValueId], [SettingId], [CompanyId], [SettingValue], [LastModifiedDate], [LastModifiedUserId], [Reason]) VALUES (38,88,335,'1','Sep 18 2020 12:50PM',1,'Initial Setup');
INSERT [dbo].[epos_DeviceSettingValue] ([SettingValueId], [SettingId], [CompanyId], [SettingValue], [LastModifiedDate], [LastModifiedUserId], [Reason]) VALUES (40,82,335,'1','Sep 18 2020 12:50PM',1,'Initial Setup');
INSERT [dbo].[epos_DeviceSettingValue] ([SettingValueId], [SettingId], [CompanyId], [SettingValue], [LastModifiedDate], [LastModifiedUserId], [Reason]) VALUES (41,50,335,'1','Sep 18 2020 12:50PM',1,'Initial Setup');
INSERT [dbo].[epos_DeviceSettingValue] ([SettingValueId], [SettingId], [CompanyId], [SettingValue], [LastModifiedDate], [LastModifiedUserId], [Reason]) VALUES (42,140,335,'0','Sep 18 2020 12:50PM',1,'Initial Setup');
INSERT [dbo].[epos_DeviceSettingValue] ([SettingValueId], [SettingId], [CompanyId], [SettingValue], [LastModifiedDate], [LastModifiedUserId], [Reason]) VALUES (43,56,335,'1','Sep 18 2020 12:50PM',1,'Initial Setup');
INSERT [dbo].[epos_DeviceSettingValue] ([SettingValueId], [SettingId], [CompanyId], [SettingValue], [LastModifiedDate], [LastModifiedUserId], [Reason]) VALUES (44,135,335,'0','Sep 18 2020 12:50PM',1,'Initial Setup');
INSERT [dbo].[epos_DeviceSettingValue] ([SettingValueId], [SettingId], [CompanyId], [SettingValue], [LastModifiedDate], [LastModifiedUserId], [Reason]) VALUES (45,18,335,'1','Sep 18 2020 12:50PM',1,'Initial Setup');
INSERT [dbo].[epos_DeviceSettingValue] ([SettingValueId], [SettingId], [CompanyId], [SettingValue], [LastModifiedDate], [LastModifiedUserId], [Reason]) VALUES (46,193,335,'1','Sep 18 2020 12:50PM',1,'Initial Setup');
INSERT [dbo].[epos_DeviceSettingValue] ([SettingValueId], [SettingId], [CompanyId], [SettingValue], [LastModifiedDate], [LastModifiedUserId], [Reason]) VALUES (47,78,335,'1','Sep 18 2020 12:50PM',1,'Initial Setup');
INSERT [dbo].[epos_DeviceSettingValue] ([SettingValueId], [SettingId], [CompanyId], [SettingValue], [LastModifiedDate], [LastModifiedUserId], [Reason]) VALUES (48,131,335,'1','Sep 18 2020 12:50PM',1,'Initial Setup');
INSERT [dbo].[epos_DeviceSettingValue] ([SettingValueId], [SettingId], [CompanyId], [SettingValue], [LastModifiedDate], [LastModifiedUserId], [Reason]) VALUES (49,197,335,'1','Sep 18 2020 12:50PM',1,'Initial Setup');
INSERT [dbo].[epos_DeviceSettingValue] ([SettingValueId], [SettingId], [CompanyId], [SettingValue], [LastModifiedDate], [LastModifiedUserId], [Reason]) VALUES (50,191,335,'0','Sep 18 2020 12:50PM',1,'Initial Setup');
INSERT [dbo].[epos_DeviceSettingValue] ([SettingValueId], [SettingId], [CompanyId], [SettingValue], [LastModifiedDate], [LastModifiedUserId], [Reason]) VALUES (51,102,335,'0','Sep 18 2020 12:50PM',1,'Initial Setup');
INSERT [dbo].[epos_DeviceSettingValue] ([SettingValueId], [SettingId], [CompanyId], [SettingValue], [LastModifiedDate], [LastModifiedUserId], [Reason]) VALUES (53,6,335,'1','Sep 18 2020 12:50PM',1,'Initial Setup');
INSERT [dbo].[epos_DeviceSettingValue] ([SettingValueId], [SettingId], [CompanyId], [SettingValue], [LastModifiedDate], [LastModifiedUserId], [Reason]) VALUES (54,130,335,'1','Sep 18 2020 12:50PM',1,'Initial Setup');
INSERT [dbo].[epos_DeviceSettingValue] ([SettingValueId], [SettingId], [CompanyId], [SettingValue], [LastModifiedDate], [LastModifiedUserId], [Reason]) VALUES (55,8,335,'1','Sep 18 2020 12:50PM',1,'Initial Setup');
INSERT [dbo].[epos_DeviceSettingValue] ([SettingValueId], [SettingId], [CompanyId], [SettingValue], [LastModifiedDate], [LastModifiedUserId], [Reason]) VALUES (56,133,335,'85','Sep 18 2020 12:50PM',1,'Initial Setup');
INSERT [dbo].[epos_DeviceSettingValue] ([SettingValueId], [SettingId], [CompanyId], [SettingValue], [LastModifiedDate], [LastModifiedUserId], [Reason]) VALUES (57,99,335,'1','Sep 18 2020 12:50PM',1,'Initial Setup');
INSERT [dbo].[epos_DeviceSettingValue] ([SettingValueId], [SettingId], [CompanyId], [SettingValue], [LastModifiedDate], [LastModifiedUserId], [Reason]) VALUES (58,110,335,'','Sep 18 2020 12:50PM',1,'Initial Setup');
INSERT [dbo].[epos_DeviceSettingValue] ([SettingValueId], [SettingId], [CompanyId], [SettingValue], [LastModifiedDate], [LastModifiedUserId], [Reason]) VALUES (59,111,335,'','Sep 18 2020 12:50PM',1,'Initial Setup');
INSERT [dbo].[epos_DeviceSettingValue] ([SettingValueId], [SettingId], [CompanyId], [SettingValue], [LastModifiedDate], [LastModifiedUserId], [Reason]) VALUES (60,97,335,'https://eu.paygateservices.com/X9CH/BatchService.svc/Batch','Sep 18 2020 12:50PM',1,'Initial Setup');
INSERT [dbo].[epos_DeviceSettingValue] ([SettingValueId], [SettingId], [CompanyId], [SettingValue], [LastModifiedDate], [LastModifiedUserId], [Reason]) VALUES (61,109,335,'','Sep 18 2020 12:50PM',1,'Initial Setup');
INSERT [dbo].[epos_DeviceSettingValue] ([SettingValueId], [SettingId], [CompanyId], [SettingValue], [LastModifiedDate], [LastModifiedUserId], [Reason]) VALUES (62,113,335,'85','Sep 18 2020 12:50PM',1,'Initial Setup');
INSERT [dbo].[epos_DeviceSettingValue] ([SettingValueId], [SettingId], [CompanyId], [SettingValue], [LastModifiedDate], [LastModifiedUserId], [Reason]) VALUES (63,84,335,'0','Sep 18 2020 12:50PM',1,'Initial Setup');
INSERT [dbo].[epos_DeviceSettingValue] ([SettingValueId], [SettingId], [CompanyId], [SettingValue], [LastModifiedDate], [LastModifiedUserId], [Reason]) VALUES (64,138,335,'0','Sep 18 2020 12:50PM',1,'Initial Setup');
INSERT [dbo].[epos_DeviceSettingValue] ([SettingValueId], [SettingId], [CompanyId], [SettingValue], [LastModifiedDate], [LastModifiedUserId], [Reason]) VALUES (65,106,335,'1','Sep 18 2020 12:50PM',1,'Initial Setup');
INSERT [dbo].[epos_DeviceSettingValue] ([SettingValueId], [SettingId], [CompanyId], [SettingValue], [LastModifiedDate], [LastModifiedUserId], [Reason]) VALUES (66,182,335,'1','Sep 18 2020 12:50PM',1,'Initial Setup');
INSERT [dbo].[epos_DeviceSettingValue] ([SettingValueId], [SettingId], [CompanyId], [SettingValue], [LastModifiedDate], [LastModifiedUserId], [Reason]) VALUES (74,120,335,'1','Sep 18 2020 12:50PM',1,'Initial Setup');
INSERT [dbo].[epos_DeviceSettingValue] ([SettingValueId], [SettingId], [CompanyId], [SettingValue], [LastModifiedDate], [LastModifiedUserId], [Reason]) VALUES (89,122,335,'0','Sep 18 2020 12:50PM',1,'Initial Setup');
INSERT [dbo].[epos_DeviceSettingValue] ([SettingValueId], [SettingId], [CompanyId], [SettingValue], [LastModifiedDate], [LastModifiedUserId], [Reason]) VALUES (91,123,335,'1','Sep 18 2020 12:50PM',1,'Initial Setup');
INSERT [dbo].[epos_DeviceSettingValue] ([SettingValueId], [SettingId], [CompanyId], [SettingValue], [LastModifiedDate], [LastModifiedUserId], [Reason]) VALUES (92,48,335,'1','Sep 18 2020 12:50PM',1,'Initial Setup');
INSERT [dbo].[epos_DeviceSettingValue] ([SettingValueId], [SettingId], [CompanyId], [SettingValue], [LastModifiedDate], [LastModifiedUserId], [Reason]) VALUES (93,59,335,'0','Sep 18 2020 12:50PM',1,'Initial Setup');
INSERT [dbo].[epos_DeviceSettingValue] ([SettingValueId], [SettingId], [CompanyId], [SettingValue], [LastModifiedDate], [LastModifiedUserId], [Reason]) VALUES (94,194,335,'1','Sep 18 2020 12:50PM',1,'Initial Setup');
INSERT [dbo].[epos_DeviceSettingValue] ([SettingValueId], [SettingId], [CompanyId], [SettingValue], [LastModifiedDate], [LastModifiedUserId], [Reason]) VALUES (95,66,335,'1','Sep 18 2020 12:50PM',1,'Initial Setup');
INSERT [dbo].[epos_DeviceSettingValue] ([SettingValueId], [SettingId], [CompanyId], [SettingValue], [LastModifiedDate], [LastModifiedUserId], [Reason]) VALUES (98,83,335,'0','Sep 18 2020 12:50PM',1,'Initial Setup');
INSERT [dbo].[epos_DeviceSettingValue] ([SettingValueId], [SettingId], [CompanyId], [SettingValue], [LastModifiedDate], [LastModifiedUserId], [Reason]) VALUES (99,213,335,'0','Sep 18 2020 12:50PM',1,'Initial Setup');
INSERT [dbo].[epos_DeviceSettingValue] ([SettingValueId], [SettingId], [CompanyId], [SettingValue], [LastModifiedDate], [LastModifiedUserId], [Reason]) VALUES (100,214,335,'1','Sep 18 2020 12:50PM',1,'Initial Setup');
INSERT [dbo].[epos_DeviceSettingValue] ([SettingValueId], [SettingId], [CompanyId], [SettingValue], [LastModifiedDate], [LastModifiedUserId], [Reason]) VALUES (101,187,335,'0','Sep 18 2020 12:50PM',1,'Initial Setup');
INSERT [dbo].[epos_DeviceSettingValue] ([SettingValueId], [SettingId], [CompanyId], [SettingValue], [LastModifiedDate], [LastModifiedUserId], [Reason]) VALUES (104,215,335,'1','Sep 18 2020 12:50PM',1,'Initial Setup');
INSERT [dbo].[epos_DeviceSettingValue] ([SettingValueId], [SettingId], [CompanyId], [SettingValue], [LastModifiedDate], [LastModifiedUserId], [Reason]) VALUES (105,145,335,'f250','Sep 18 2020 12:50PM',1,'Initial Setup');
INSERT [dbo].[epos_DeviceSettingValue] ([SettingValueId], [SettingId], [CompanyId], [SettingValue], [LastModifiedDate], [LastModifiedUserId], [Reason]) VALUES (106,190,335,'0','Sep 18 2020 12:50PM',1,'Initial Setup');
INSERT [dbo].[epos_DeviceSettingValue] ([SettingValueId], [SettingId], [CompanyId], [SettingValue], [LastModifiedDate], [LastModifiedUserId], [Reason]) VALUES (107,216,335,'1','Sep 18 2020 12:50PM',1,'Initial Setup');
INSERT [dbo].[epos_DeviceSettingValue] ([SettingValueId], [SettingId], [CompanyId], [SettingValue], [LastModifiedDate], [LastModifiedUserId], [Reason]) VALUES (108,212,335,'1','Sep 18 2020 12:50PM',1,'Initial Setup');
INSERT [dbo].[epos_DeviceSettingValue] ([SettingValueId], [SettingId], [CompanyId], [SettingValue], [LastModifiedDate], [LastModifiedUserId], [Reason]) VALUES (109,137,335,'1','Sep 18 2020 12:50PM',1,'Initial Setup');
INSERT [dbo].[epos_DeviceSettingValue] ([SettingValueId], [SettingId], [CompanyId], [SettingValue], [LastModifiedDate], [LastModifiedUserId], [Reason]) VALUES (110,200,335,'0','Sep 18 2020 12:50PM',1,'Initial Setup');
INSERT [dbo].[epos_DeviceSettingValue] ([SettingValueId], [SettingId], [CompanyId], [SettingValue], [LastModifiedDate], [LastModifiedUserId], [Reason]) VALUES (111,217,335,'0','Sep 18 2020 12:50PM',1,'Initial Setup');
INSERT [dbo].[epos_DeviceSettingValue] ([SettingValueId], [SettingId], [CompanyId], [SettingValue], [LastModifiedDate], [LastModifiedUserId], [Reason]) VALUES (112,218,335,'1','Sep 18 2020 12:50PM',1,'Initial Setup');
INSERT [dbo].[epos_DeviceSettingValue] ([SettingValueId], [SettingId], [CompanyId], [SettingValue], [LastModifiedDate], [LastModifiedUserId], [Reason]) VALUES (113,219,335,'','Sep 18 2020 12:50PM',1,'Initial Setup');
INSERT [dbo].[epos_DeviceSettingValue] ([SettingValueId], [SettingId], [CompanyId], [SettingValue], [LastModifiedDate], [LastModifiedUserId], [Reason]) VALUES (114,220,335,'0','Sep 18 2020 12:50PM',1,'Initial Setup');
INSERT [dbo].[epos_DeviceSettingValue] ([SettingValueId], [SettingId], [CompanyId], [SettingValue], [LastModifiedDate], [LastModifiedUserId], [Reason]) VALUES (115,144,335,'','Sep 18 2020 12:50PM',1,'Initial Setup');
INSERT [dbo].[epos_DeviceSettingValue] ([SettingValueId], [SettingId], [CompanyId], [SettingValue], [LastModifiedDate], [LastModifiedUserId], [Reason]) VALUES (116,132,335,'85','Sep 18 2020 12:50PM',1,'Initial Setup');
INSERT [dbo].[epos_DeviceSettingValue] ([SettingValueId], [SettingId], [CompanyId], [SettingValue], [LastModifiedDate], [LastModifiedUserId], [Reason]) VALUES (120,204,335,'','Sep 18 2020 12:50PM',1,'Initial Setup');
INSERT [dbo].[epos_DeviceSettingValue] ([SettingValueId], [SettingId], [CompanyId], [SettingValue], [LastModifiedDate], [LastModifiedUserId], [Reason]) VALUES (121,205,335,'1','Sep 18 2020 12:50PM',1,'Initial Setup');
INSERT [dbo].[epos_DeviceSettingValue] ([SettingValueId], [SettingId], [CompanyId], [SettingValue], [LastModifiedDate], [LastModifiedUserId], [Reason]) VALUES (122,203,335,'','Sep 18 2020 12:50PM',1,'Initial Setup');
INSERT [dbo].[epos_DeviceSettingValue] ([SettingValueId], [SettingId], [CompanyId], [SettingValue], [LastModifiedDate], [LastModifiedUserId], [Reason]) VALUES (123,201,335,'https://eu.paygateservices.com/BlackListService.svc/GetBlackList','Sep 18 2020 12:50PM',1,'Initial Setup');
INSERT [dbo].[epos_DeviceSettingValue] ([SettingValueId], [SettingId], [CompanyId], [SettingValue], [LastModifiedDate], [LastModifiedUserId], [Reason]) VALUES (124,202,335,'','Sep 18 2020 12:50PM',1,'Initial Setup');
INSERT [dbo].[epos_DeviceSettingValue] ([SettingValueId], [SettingId], [CompanyId], [SettingValue], [LastModifiedDate], [LastModifiedUserId], [Reason]) VALUES (125,221,335,'1','Sep 18 2020 12:50PM',1,'Initial Setup');
INSERT [dbo].[epos_DeviceSettingValue] ([SettingValueId], [SettingId], [CompanyId], [SettingValue], [LastModifiedDate], [LastModifiedUserId], [Reason]) VALUES (126,222,335,'0','Sep 18 2020 12:50PM',1,'Initial Setup');
INSERT [dbo].[epos_DeviceSettingValue] ([SettingValueId], [SettingId], [CompanyId], [SettingValue], [LastModifiedDate], [LastModifiedUserId], [Reason]) VALUES (127,206,335,'1','Sep 18 2020 12:50PM',1,'Initial Setup');
INSERT [dbo].[epos_DeviceSettingValue] ([SettingValueId], [SettingId], [CompanyId], [SettingValue], [LastModifiedDate], [LastModifiedUserId], [Reason]) VALUES (128,20,335,'0','Sep 18 2020 12:50PM',1,'Initial Setup');
INSERT [dbo].[epos_DeviceSettingValue] ([SettingValueId], [SettingId], [CompanyId], [SettingValue], [LastModifiedDate], [LastModifiedUserId], [Reason]) VALUES (129,87,335,'1','Sep 18 2020 12:50PM',1,'Initial Setup');
INSERT [dbo].[epos_DeviceSettingValue] ([SettingValueId], [SettingId], [CompanyId], [SettingValue], [LastModifiedDate], [LastModifiedUserId], [Reason]) VALUES (130,85,335,'1','Sep 18 2020 12:50PM',1,'Initial Setup');
INSERT [dbo].[epos_DeviceSettingValue] ([SettingValueId], [SettingId], [CompanyId], [SettingValue], [LastModifiedDate], [LastModifiedUserId], [Reason]) VALUES (131,86,335,'0','Sep 18 2020 12:50PM',1,'Initial Setup');
INSERT [dbo].[epos_DeviceSettingValue] ([SettingValueId], [SettingId], [CompanyId], [SettingValue], [LastModifiedDate], [LastModifiedUserId], [Reason]) VALUES (132,104,335,'1','Sep 18 2020 12:50PM',1,'Initial Setup');
INSERT [dbo].[epos_DeviceSettingValue] ([SettingValueId], [SettingId], [CompanyId], [SettingValue], [LastModifiedDate], [LastModifiedUserId], [Reason]) VALUES (133,115,335,'1','Sep 18 2020 12:50PM',1,'Initial Setup');
INSERT [dbo].[epos_DeviceSettingValue] ([SettingValueId], [SettingId], [CompanyId], [SettingValue], [LastModifiedDate], [LastModifiedUserId], [Reason]) VALUES (134,89,335,'1','Sep 18 2020 12:50PM',1,'Initial Setup');
INSERT [dbo].[epos_DeviceSettingValue] ([SettingValueId], [SettingId], [CompanyId], [SettingValue], [LastModifiedDate], [LastModifiedUserId], [Reason]) VALUES (135,54,335,'1','Sep 18 2020 12:50PM',1,'Initial Setup');
INSERT [dbo].[epos_DeviceSettingValue] ([SettingValueId], [SettingId], [CompanyId], [SettingValue], [LastModifiedDate], [LastModifiedUserId], [Reason]) VALUES (136,127,335,'1','Sep 18 2020 12:50PM',1,'Initial Setup');
INSERT [dbo].[epos_DeviceSettingValue] ([SettingValueId], [SettingId], [CompanyId], [SettingValue], [LastModifiedDate], [LastModifiedUserId], [Reason]) VALUES (137,44,335,'9','Sep 18 2020 12:50PM',1,'Initial Setup');
INSERT [dbo].[epos_DeviceSettingValue] ([SettingValueId], [SettingId], [CompanyId], [SettingValue], [LastModifiedDate], [LastModifiedUserId], [Reason]) VALUES (138,10,335,'1','Sep 18 2020 12:50PM',1,'Initial Setup');
INSERT [dbo].[epos_DeviceSettingValue] ([SettingValueId], [SettingId], [CompanyId], [SettingValue], [LastModifiedDate], [LastModifiedUserId], [Reason]) VALUES (139,118,335,'1','Sep 18 2020 12:50PM',1,'Initial Setup');
INSERT [dbo].[epos_DeviceSettingValue] ([SettingValueId], [SettingId], [CompanyId], [SettingValue], [LastModifiedDate], [LastModifiedUserId], [Reason]) VALUES (140,7,335,'1','Sep 18 2020 12:50PM',1,'Initial Setup');
INSERT [dbo].[epos_DeviceSettingValue] ([SettingValueId], [SettingId], [CompanyId], [SettingValue], [LastModifiedDate], [LastModifiedUserId], [Reason]) VALUES (141,117,335,'1','Sep 18 2020 12:50PM',1,'Initial Setup');
INSERT [dbo].[epos_DeviceSettingValue] ([SettingValueId], [SettingId], [CompanyId], [SettingValue], [LastModifiedDate], [LastModifiedUserId], [Reason]) VALUES (142,116,335,'1','Sep 18 2020 12:50PM',1,'Initial Setup');
INSERT [dbo].[epos_DeviceSettingValue] ([SettingValueId], [SettingId], [CompanyId], [SettingValue], [LastModifiedDate], [LastModifiedUserId], [Reason]) VALUES (143,9,335,'1','Sep 18 2020 12:50PM',1,'Initial Setup');
INSERT [dbo].[epos_DeviceSettingValue] ([SettingValueId], [SettingId], [CompanyId], [SettingValue], [LastModifiedDate], [LastModifiedUserId], [Reason]) VALUES (144,146,335,'250','Sep 18 2020 12:50PM',1,'Initial Setup');
INSERT [dbo].[epos_DeviceSettingValue] ([SettingValueId], [SettingId], [CompanyId], [SettingValue], [LastModifiedDate], [LastModifiedUserId], [Reason]) VALUES (145,148,335,'250','Sep 18 2020 12:50PM',1,'Initial Setup');
INSERT [dbo].[epos_DeviceSettingValue] ([SettingValueId], [SettingId], [CompanyId], [SettingValue], [LastModifiedDate], [LastModifiedUserId], [Reason]) VALUES (146,25,335,'0','Sep 18 2020 12:50PM',1,'Initial Setup');
INSERT [dbo].[epos_DeviceSettingValue] ([SettingValueId], [SettingId], [CompanyId], [SettingValue], [LastModifiedDate], [LastModifiedUserId], [Reason]) VALUES (147,27,335,'0','Sep 18 2020 12:50PM',1,'Initial Setup');
INSERT [dbo].[epos_DeviceSettingValue] ([SettingValueId], [SettingId], [CompanyId], [SettingValue], [LastModifiedDate], [LastModifiedUserId], [Reason]) VALUES (148,30,335,'0','Sep 18 2020 12:50PM',1,'Initial Setup');
INSERT [dbo].[epos_DeviceSettingValue] ([SettingValueId], [SettingId], [CompanyId], [SettingValue], [LastModifiedDate], [LastModifiedUserId], [Reason]) VALUES (149,160,335,'250','Sep 18 2020 12:50PM',1,'Initial Setup');
INSERT [dbo].[epos_DeviceSettingValue] ([SettingValueId], [SettingId], [CompanyId], [SettingValue], [LastModifiedDate], [LastModifiedUserId], [Reason]) VALUES (150,2,335,'5','Sep 18 2020 12:50PM',1,'Initial Setup');
INSERT [dbo].[epos_DeviceSettingValue] ([SettingValueId], [SettingId], [CompanyId], [SettingValue], [LastModifiedDate], [LastModifiedUserId], [Reason]) VALUES (151,184,335,'1','Sep 18 2020 12:50PM',1,'Initial Setup');
INSERT [dbo].[epos_DeviceSettingValue] ([SettingValueId], [SettingId], [CompanyId], [SettingValue], [LastModifiedDate], [LastModifiedUserId], [Reason]) VALUES (152,79,335,'1','Sep 18 2020 12:50PM',1,'Initial Setup');
INSERT [dbo].[epos_DeviceSettingValue] ([SettingValueId], [SettingId], [CompanyId], [SettingValue], [LastModifiedDate], [LastModifiedUserId], [Reason]) VALUES (153,188,335,'0','Sep 18 2020 12:50PM',1,'Initial Setup');
INSERT [dbo].[epos_DeviceSettingValue] ([SettingValueId], [SettingId], [CompanyId], [SettingValue], [LastModifiedDate], [LastModifiedUserId], [Reason]) VALUES (154,53,335,'1','Sep 18 2020 12:50PM',1,'Initial Setup');
INSERT [dbo].[epos_DeviceSettingValue] ([SettingValueId], [SettingId], [CompanyId], [SettingValue], [LastModifiedDate], [LastModifiedUserId], [Reason]) VALUES (155,96,335,'0','Sep 18 2020 12:50PM',1,'Initial Setup');
INSERT [dbo].[epos_DeviceSettingValue] ([SettingValueId], [SettingId], [CompanyId], [SettingValue], [LastModifiedDate], [LastModifiedUserId], [Reason]) VALUES (156,210,335,'1','Sep 18 2020 12:50PM',1,'Initial Setup');
INSERT [dbo].[epos_DeviceSettingValue] ([SettingValueId], [SettingId], [CompanyId], [SettingValue], [LastModifiedDate], [LastModifiedUserId], [Reason]) VALUES (157,143,335,'1','Sep 18 2020 12:50PM',1,'Initial Setup');
INSERT [dbo].[epos_DeviceSettingValue] ([SettingValueId], [SettingId], [CompanyId], [SettingValue], [LastModifiedDate], [LastModifiedUserId], [Reason]) VALUES (158,14,335,'1','Sep 18 2020 12:50PM',1,'Initial Setup');
INSERT [dbo].[epos_DeviceSettingValue] ([SettingValueId], [SettingId], [CompanyId], [SettingValue], [LastModifiedDate], [LastModifiedUserId], [Reason]) VALUES (159,12,335,'1','Sep 18 2020 12:50PM',1,'Initial Setup');
INSERT [dbo].[epos_DeviceSettingValue] ([SettingValueId], [SettingId], [CompanyId], [SettingValue], [LastModifiedDate], [LastModifiedUserId], [Reason]) VALUES (160,11,335,'1','Sep 18 2020 12:50PM',1,'Initial Setup');
INSERT [dbo].[epos_DeviceSettingValue] ([SettingValueId], [SettingId], [CompanyId], [SettingValue], [LastModifiedDate], [LastModifiedUserId], [Reason]) VALUES (161,91,335,'22','Sep 18 2020 12:50PM',1,'Initial Setup');
INSERT [dbo].[epos_DeviceSettingValue] ([SettingValueId], [SettingId], [CompanyId], [SettingValue], [LastModifiedDate], [LastModifiedUserId], [Reason]) VALUES (162,1,335,'5','Sep 18 2020 12:50PM',1,'Initial Setup');
INSERT [dbo].[epos_DeviceSettingValue] ([SettingValueId], [SettingId], [CompanyId], [SettingValue], [LastModifiedDate], [LastModifiedUserId], [Reason]) VALUES (163,189,335,'1','Sep 18 2020 12:50PM',1,'Initial Setup');
INSERT [dbo].[epos_DeviceSettingValue] ([SettingValueId], [SettingId], [CompanyId], [SettingValue], [LastModifiedDate], [LastModifiedUserId], [Reason]) VALUES (164,121,335,'1','Sep 18 2020 12:50PM',1,'Initial Setup');
INSERT [dbo].[epos_DeviceSettingValue] ([SettingValueId], [SettingId], [CompanyId], [SettingValue], [LastModifiedDate], [LastModifiedUserId], [Reason]) VALUES (165,107,335,'1','Sep 18 2020 12:50PM',1,'Initial Setup');
INSERT [dbo].[epos_DeviceSettingValue] ([SettingValueId], [SettingId], [CompanyId], [SettingValue], [LastModifiedDate], [LastModifiedUserId], [Reason]) VALUES (166,125,335,'1','Sep 18 2020 12:50PM',1,'Initial Setup');
INSERT [dbo].[epos_DeviceSettingValue] ([SettingValueId], [SettingId], [CompanyId], [SettingValue], [LastModifiedDate], [LastModifiedUserId], [Reason]) VALUES (167,124,335,'1','Sep 18 2020 12:50PM',1,'Initial Setup');
INSERT [dbo].[epos_DeviceSettingValue] ([SettingValueId], [SettingId], [CompanyId], [SettingValue], [LastModifiedDate], [LastModifiedUserId], [Reason]) VALUES (168,101,335,'LH','Sep 18 2020 12:50PM',1,'Initial Setup');
INSERT [dbo].[epos_DeviceSettingValue] ([SettingValueId], [SettingId], [CompanyId], [SettingValue], [LastModifiedDate], [LastModifiedUserId], [Reason]) VALUES (169,40,335,'0','Sep 18 2020 12:50PM',1,'Initial Setup');
INSERT [dbo].[epos_DeviceSettingValue] ([SettingValueId], [SettingId], [CompanyId], [SettingValue], [LastModifiedDate], [LastModifiedUserId], [Reason]) VALUES (170,126,335,'1','Sep 18 2020 12:50PM',1,'Initial Setup');
INSERT [dbo].[epos_DeviceSettingValue] ([SettingValueId], [SettingId], [CompanyId], [SettingValue], [LastModifiedDate], [LastModifiedUserId], [Reason]) VALUES (171,223,335,'1','Sep 18 2020 12:50PM',1,'Initial Setup');
INSERT [dbo].[epos_DeviceSettingValue] ([SettingValueId], [SettingId], [CompanyId], [SettingValue], [LastModifiedDate], [LastModifiedUserId], [Reason]) VALUES (172,224,335,'1','Sep 18 2020 12:50PM',1,'Initial Setup');
INSERT [dbo].[epos_DeviceSettingValue] ([SettingValueId], [SettingId], [CompanyId], [SettingValue], [LastModifiedDate], [LastModifiedUserId], [Reason]) VALUES (173,225,335,'1','Sep 18 2020 12:50PM',1,'Initial Setup');
INSERT [dbo].[epos_DeviceSettingValue] ([SettingValueId], [SettingId], [CompanyId], [SettingValue], [LastModifiedDate], [LastModifiedUserId], [Reason]) VALUES (174,119,335,'Prices are inclusive of \nall applicable taxes and VAT','Sep 18 2020 12:50PM',1,'Initial Setup');
INSERT [dbo].[epos_DeviceSettingValue] ([SettingValueId], [SettingId], [CompanyId], [SettingValue], [LastModifiedDate], [LastModifiedUserId], [Reason]) VALUES (175,45,335,'1','Sep 18 2020 12:50PM',1,'Initial Setup');
INSERT [dbo].[epos_DeviceSettingValue] ([SettingValueId], [SettingId], [CompanyId], [SettingValue], [LastModifiedDate], [LastModifiedUserId], [Reason]) VALUES (176,46,335,'Retail inMotion Ltd. \nHangar 57. \nBlackthorn Road. \nSandyford Business Park, \nSandyford, \nDublin 18, \nIreland. \nswiss-saveurs@retailinmotion.com','Sep 18 2020 12:50PM',1,'Initial Setup');
INSERT [dbo].[epos_DeviceSettingValue] ([SettingValueId], [SettingId], [CompanyId], [SettingValue], [LastModifiedDate], [LastModifiedUserId], [Reason]) VALUES (177,226,335,'0','Sep 18 2020 12:50PM',1,'Initial Setup');
INSERT [dbo].[epos_DeviceSettingValue] ([SettingValueId], [SettingId], [CompanyId], [SettingValue], [LastModifiedDate], [LastModifiedUserId], [Reason]) VALUES (178,227,335,'0','Sep 18 2020 12:50PM',1,'Initial Setup');
INSERT [dbo].[epos_DeviceSettingValue] ([SettingValueId], [SettingId], [CompanyId], [SettingValue], [LastModifiedDate], [LastModifiedUserId], [Reason]) VALUES (179,228,335,'^PP[0-9]{10}|DPP-250|([A-Z]{3}_[A-Z]{2}_[0-9]{3}--)?PMB[0-9]{6}[A-Z]{2}[0-9]{2}','Sep 18 2020 12:50PM',1,'Initial Setup');
INSERT [dbo].[epos_DeviceSettingValue] ([SettingValueId], [SettingId], [CompanyId], [SettingValue], [LastModifiedDate], [LastModifiedUserId], [Reason]) VALUES (180,229,335,'([A-Z]{3}_[A-Z]{2}_[0-9]{3}--)?PMB[0-9]{6}[A-Z]{2}[0-9]{2}|DPP ?-?250','Sep 18 2020 12:50PM',1,'Initial Setup');
INSERT [dbo].[epos_DeviceSettingValue] ([SettingValueId], [SettingId], [CompanyId], [SettingValue], [LastModifiedDate], [LastModifiedUserId], [Reason]) VALUES (181,230,335,'0','Sep 18 2020 12:50PM',1,'Initial Setup');
INSERT [dbo].[epos_DeviceSettingValue] ([SettingValueId], [SettingId], [CompanyId], [SettingValue], [LastModifiedDate], [LastModifiedUserId], [Reason]) VALUES (182,231,335,'1','Sep 18 2020 12:50PM',1,'Initial Setup');
INSERT [dbo].[epos_DeviceSettingValue] ([SettingValueId], [SettingId], [CompanyId], [SettingValue], [LastModifiedDate], [LastModifiedUserId], [Reason]) VALUES (183,232,335,'','Sep 18 2020 12:50PM',1,'Initial Setup');
INSERT [dbo].[epos_DeviceSettingValue] ([SettingValueId], [SettingId], [CompanyId], [SettingValue], [LastModifiedDate], [LastModifiedUserId], [Reason]) VALUES (184,233,335,'0','Sep 18 2020 12:50PM',1,'Initial Setup');
INSERT [dbo].[epos_DeviceSettingValue] ([SettingValueId], [SettingId], [CompanyId], [SettingValue], [LastModifiedDate], [LastModifiedUserId], [Reason]) VALUES (185,234,335,'','Sep 18 2020 12:50PM',1,'Initial Setup');
INSERT [dbo].[epos_DeviceSettingValue] ([SettingValueId], [SettingId], [CompanyId], [SettingValue], [LastModifiedDate], [LastModifiedUserId], [Reason]) VALUES (186,235,335,'0','Sep 18 2020 12:50PM',1,'Initial Setup');
INSERT [dbo].[epos_DeviceSettingValue] ([SettingValueId], [SettingId], [CompanyId], [SettingValue], [LastModifiedDate], [LastModifiedUserId], [Reason]) VALUES (187,236,335,'1','Sep 18 2020 12:50PM',1,'Initial Setup');
INSERT [dbo].[epos_DeviceSettingValue] ([SettingValueId], [SettingId], [CompanyId], [SettingValue], [LastModifiedDate], [LastModifiedUserId], [Reason]) VALUES (188,237,335,'0','Sep 18 2020 12:50PM',1,'Initial Setup');
INSERT [dbo].[epos_DeviceSettingValue] ([SettingValueId], [SettingId], [CompanyId], [SettingValue], [LastModifiedDate], [LastModifiedUserId], [Reason]) VALUES (189,238,335,'0','Sep 18 2020 12:50PM',1,'Initial Setup');
INSERT [dbo].[epos_DeviceSettingValue] ([SettingValueId], [SettingId], [CompanyId], [SettingValue], [LastModifiedDate], [LastModifiedUserId], [Reason]) VALUES (190,239,335,'','Sep 18 2020 12:50PM',1,'Initial Setup');
INSERT [dbo].[epos_DeviceSettingValue] ([SettingValueId], [SettingId], [CompanyId], [SettingValue], [LastModifiedDate], [LastModifiedUserId], [Reason]) VALUES (191,240,335,'1','Sep 18 2020 12:50PM',1,'Initial Setup');
	
    SET IDENTITY_INSERT [dbo].[epos_DeviceSettingValue] OFF

 END
 ELSE
 BEGIN
	PRINT 'This script for new DLH OBR handheld settings '
 END
  
 INSERT INTO vdb_SchemaChangeLog
 VALUES (GETDATE(), @Username, @Folder, @ScriptName)
END
GO